Actual Prices,Prediction Prices,Date
1.37697506,0.58766043,01-01-2022
1.377583981,0.6644287,02-01-2022
1.321637034,0.8113605,03-01-2022
1.311658025,0.99346834,04-01-2022
1.236001968,1.1654152,05-01-2022
1.279782057,1.2835187,06-01-2022
1.211547017,1.3455843,07-01-2022
1.18751204,1.3529443,08-01-2022
1.173859954,1.3225414,09-01-2022
1.128051996,1.27361,10-01-2022
1.185109973,1.2167327,11-01-2022
1.304535031,1.1701571,12-01-2022
1.233160973,1.1522362,13-01-2022
1.29092598,1.1502266,14-01-2022
1.29626298,1.1642385,15-01-2022
1.407251,1.1875708,16-01-2022
1.594130993,1.2269253,17-01-2022
1.465541005,1.2977366,18-01-2022
1.341757059,1.3653231,19-01-2022
1.258054972,1.3981252,20-01-2022
1.123232961,1.3875971,21-01-2022
1.066715956,1.3333908,22-01-2022
1.122370958,1.2539057,23-01-2022
1.066598058,1.1777847,24-01-2022
1.043573976,1.1107758,25-01-2022
1.079046965,1.0563933,26-01-2022
1.043532968,1.0207486,27-01-2022
1.050606012,0.9991603,28-01-2022
1.059569955,0.9896362,29-01-2022
1.037472963,0.9900048,30-01-2022
1.052302957,0.9945001,31-01-2022
1.088624001,1.001848,01-02-2022
1.028905988,1.0139877,02-02-2022
1.056444049,1.0221108,03-02-2022
1.135624051,1.0279415,04-02-2022
1.127344966,1.0403955,05-02-2022
1.144546986,1.0569293,06-02-2022
1.197306991,1.075994,07-02-2022
1.178719997,1.100221,08-02-2022
1.194810033,1.123287,09-02-2022
1.15247798,1.1434602,10-02-2022
1.080346942,1.1536329,11-02-2022
1.058199048,1.146169,12-02-2022
1.045819044,1.124223,13-02-2022
1.050266981,1.0944821,14-02-2022
1.107586026,1.0647445,15-02-2022
1.084980965,1.0459946,16-02-2022
1.019894958,1.0364265,17-02-2022
0.997112989,1.02706,18-02-2022
0.997703016,1.0147738,19-02-2022
0.932901978,1.0011873,20-02-2022
0.858236015,0.9818275,21-02-2022
0.889016986,0.9525374,22-02-2022
0.869168997,0.9218682,23-02-2022
0.853425026,0.89308184,24-02-2022
0.898027003,0.8678654,25-02-2022
0.887917995,0.85217756,26-02-2022
0.858335018,0.84509325,27-02-2022
0.959828019,0.841897,28-02-2022
0.962346017,0.8502911,01-03-2022
0.938661993,0.86813945,02-03-2022
0.902658999,0.8882376,03-03-2022
0.842889011,0.9025176,04-03-2022
0.865671992,0.9034107,05-03-2022
0.823751986,0.8955371,06-03-2022
0.797379017,0.879317,07-03-2022
0.801249981,0.8567773,08-03-2022
0.849292994,0.8329045,09-03-2022
0.806316018,0.8158418,10-03-2022
0.790125012,0.80316424,11-03-2022
0.790673971,0.79287183,12-03-2022
0.790995002,0.7847055,13-03-2022
0.803916991,0.7787047,14-03-2022
0.800005972,0.7759608,15-03-2022
0.838374019,0.77571934,16-03-2022
0.836784005,0.78060716,17-03-2022
0.853433013,0.7892199,18-03-2022
0.901099026,0.80094093,19-03-2022
0.877092004,0.81809765,20-03-2022
0.916782022,0.8357523,21-03-2022
0.976440012,0.8547362,22-03-2022
1.107481956,0.87882715,23-03-2022
1.130010962,0.9186506,24-03-2022
1.097887993,0.97075206,25-03-2022
1.150593996,1.021467,26-03-2022
1.18214798,1.0681747,27-03-2022
1.170184016,1.1093829,28-03-2022
1.191112041,1.1399876,29-03-2022
1.190384984,1.1611552,30-03-2022
1.141850948,1.1733057,31-03-2022
1.165424943,1.1721184,01-04-2022
1.156007051,1.1643493,02-04-2022
1.185940981,1.1529988,03-04-2022
1.212944984,1.1447059,04-04-2022
1.170801044,1.1436685,05-04-2022
1.052770972,1.1434039,06-04-2022
1.091894031,1.1289988,07-04-2022
1.026325941,1.1089873,08-04-2022
1.045014977,1.0815266,09-04-2022
1.030884981,1.0543276,10-04-2022
0.920449972,1.0301999,11-04-2022
0.955145001,1.0000857,12-04-2022
0.974695981,0.97129136,13-04-2022
0.932412028,0.9495303,14-04-2022
0.95471698,0.93197364,15-04-2022
0.952639997,0.920939,16-04-2022
0.917465985,0.91579145,17-04-2022
0.936730027,0.911732,18-04-2022
0.95333302,0.909746,19-04-2022
0.937340975,0.91119343,20-04-2022
0.910474002,0.9136499,21-04-2022
0.907154024,0.9134154,22-04-2022
0.888503015,0.910193,23-04-2022
0.886349976,0.9032834,24-04-2022
0.898694992,0.8941967,25-04-2022
0.827645004,0.8860393,26-04-2022
0.840595007,0.87322354,27-04-2022
0.843949974,0.8585738,28-04-2022
0.805042982,0.84487945,29-04-2022
0.756659985,0.8302491,30-04-2022
0.790344,0.8116298,01-05-2022
0.781529009,0.7942813,02-05-2022
0.771144986,0.77978605,03-05-2022
0.896942019,0.7682058,04-05-2022
0.791152,0.7709962,05-05-2022
0.783358991,0.77714723,06-05-2022
0.761882007,0.78186464,07-05-2022
0.739562988,0.7817828,08-05-2022
0.610087991,0.77547336,09-05-2022
0.628962994,0.75385815,10-05-2022
0.512799978,0.72317034,11-05-2022
0.473746002,0.68100554,12-05-2022
0.52887702,0.6311594,13-05-2022
0.53935802,0.5846383,14-05-2022
0.597500026,0.5475979,15-05-2022
0.556716025,0.52611583,16-05-2022
0.578077018,0.5167514,17-05-2022
0.505614996,0.51754624,18-05-2022
0.533321023,0.5199209,19-05-2022
0.517907023,0.5225412,20-05-2022
0.528313994,0.52360314,21-05-2022
0.542617977,0.52367634,22-05-2022
0.512605011,0.5242635,23-05-2022
0.521224022,0.5235402,24-05-2022
0.513876975,0.5219723,25-05-2022
0.480883002,0.5195051,26-05-2022
0.45550701,0.51420295,27-05-2022
0.464763999,0.50483626,28-05-2022
0.48112601,0.49341342,29-05-2022
0.570073009,0.48302794,30-05-2022
0.625253975,0.4812699,31-05-2022
0.552749991,0.49262244,01-06-2022
0.587795019,0.50926167,02-06-2022
0.559657991,0.5285485,03-06-2022
0.566069007,0.54528743,04-06-2022
0.567089975,0.5577127,05-06-2022
0.609327972,0.5655627,06-06-2022
0.615445018,0.5726402,07-06-2022
0.64161402,0.5802779,08-06-2022
0.632920027,0.5902277,09-06-2022
0.574216008,0.600934,10-06-2022
0.552776992,0.60622895,11-06-2022
0.496861011,0.6037081,12-06-2022
0.463133007,0.5908104,13-06-2022
0.484385997,0.5683691,14-06-2022
0.533295989,0.5425431,15-06-2022
0.475021988,0.52134234,16-06-2022
0.487392008,0.50346714,17-06-2022
0.456182003,0.48979998,18-06-2022
0.484364003,0.47830206,19-06-2022
0.492260993,0.4704541,20-06-2022
0.479203999,0.46687078,21-06-2022
0.458568007,0.46604648,22-06-2022
0.480291992,0.4654351,23-06-2022
0.499224007,0.46566013,24-06-2022
0.498946011,0.46801025,25-06-2022
0.489652991,0.4722216,26-06-2022
0.485790014,0.47680202,27-06-2022
0.469671011,0.4805657,28-06-2022
0.465508997,0.481945,29-06-2022
0.458849013,0.48067003,30-06-2022
0.448089004,0.47698665,01-07-2022
0.456351012,0.47114173,02-07-2022
0.455587,0.46474838,03-07-2022
0.46964401,0.4588644,04-07-2022
0.457632005,0.4550526,05-07-2022
0.462179005,0.452749,06-07-2022
0.477811992,0.45183176,07-07-2022
0.467310995,0.45301265,08-07-2022
0.478760004,0.45520577,09-07-2022
0.46322,0.45841458,10-07-2022
0.435519993,0.46109945,11-07-2022
0.41792801,0.4608187,12-07-2022
0.438107997,0.45638525,13-07-2022
0.441024989,0.45014882,14-07-2022
0.442456007,0.4439857,15-07-2022
0.457230002,0.4390282,16-07-2022
0.447353005,0.43665576,17-07-2022
0.492543012,0.43617904,18-07-2022
0.515767992,0.4399204,19-07-2022
0.491043001,0.4489663,20-07-2022
0.50009799,0.4600429,21-07-2022
0.483945996,0.4713502,22-07-2022
0.517368019,0.4802798,23-07-2022
0.513813972,0.4883068,24-07-2022
0.476249993,0.495347,25-07-2022
0.467606992,0.49848232,26-07-2022
0.510553002,0.4969788,27-07-2022
0.513328016,0.49492824,28-07-2022
0.52333498,0.49413818,29-07-2022
0.525575995,0.49564967,30-07-2022
0.517019987,0.499245,31-07-2022
0.514123023,0.50342447,01-08-2022
0.496832997,0.5070218,02-08-2022
0.500988007,0.50830716,03-08-2022
0.499668002,0.50754493,04-08-2022
0.517503023,0.505325,05-08-2022
0.51125598,0.5036528,06-08-2022
0.527469993,0.5027124,07-08-2022
0.536596,0.5035971,08-08-2022
0.514051974,0.50676453,09-08-2022
0.537092984,0.5099203,10-08-2022
0.531257987,0.51374894,11-08-2022
0.540753007,0.5175789,12-08-2022
0.559813023,0.52161455,13-08-2022
0.570343018,0.5269613,14-08-2022
0.551171005,0.5340177,15-08-2022
0.557914972,0.54052114,16-08-2022
0.537038028,0.54591554,17-08-2022
0.512633026,0.54834723,18-08-2022
0.450980008,0.5460732,19-08-2022
0.451388001,0.5355834,20-08-2022
0.463546008,0.5189352,21-08-2022
0.461445987,0.5004534,22-08-2022
0.465207011,0.48314008,23-08-2022
0.458108991,0.46910498,24-08-2022
0.46499899,0.45865953,25-08-2022
0.430862993,0.45214084,26-08-2022
0.449703008,0.44681495,27-08-2022
0.430049002,0.44306526,28-08-2022
0.450702995,0.43957648,29-08-2022
0.452169001,0.4374509,30-08-2022
0.446664989,0.43697432,31-08-2022
0.457480997,0.437509,01-09-2022
0.454558998,0.43926707,02-09-2022
0.480387002,0.4417021,03-09-2022
0.503084004,0.44602963,04-09-2022
0.49912101,0.45345104,05-09-2022
0.463066012,0.4628257,06-09-2022
0.479281992,0.47010043,07-09-2022
0.479274005,0.47505715,08-09-2022
0.502919972,0.4778742,09-09-2022
0.512422025,0.4806276,10-09-2022
0.509751976,0.48450258,11-09-2022
0.501546025,0.4891456,12-09-2022
0.468881011,0.49331963,13-09-2022
0.481375992,0.49412835,14-09-2022
0.465644002,0.49233556,15-09-2022
0.474126011,0.4879027,16-09-2022
0.487156004,0.48242852,17-09-2022
0.447185993,0.4779815,18-09-2022
0.453503996,0.4725511,19-09-2022
0.441899002,0.46654892,20-09-2022
0.44115901,0.4598776,21-09-2022
0.458965987,0.45309293,22-09-2022
0.46182099,0.448055,23-09-2022
0.451599985,0.44547787,24-09-2022
0.446188003,0.4444718,25-09-2022
0.446756989,0.44403562,26-09-2022
0.441890001,0.44374803,27-09-2022
0.437290013,0.4431288,28-09-2022
0.438169986,0.44184545,29-09-2022
0.434413999,0.44010866,30-09-2022
0.430292994,0.4379822,01-10-2022
0.419633001,0.4354637,02-10-2022
0.427998006,0.43212396,03-10-2022
0.435764998,0.42879668,04-10-2022
0.431273013,0.42649353,05-10-2022
0.428687006,0.4251635,06-10-2022
0.424320012,0.4244568,07-10-2022
0.421736002,0.42385054,08-10-2022
0.42307201,0.42300898,09-10-2022
0.40180099,0.42202142,10-10-2022
0.390540004,0.4196459,11-10-2022
0.381300002,0.41524675,12-10-2022
0.377638012,0.40883204,13-10-2022
0.366851002,0.4011168,14-10-2022
0.363743991,0.3925118,15-10-2022
0.370281011,0.38374552,16-10-2022
0.372345001,0.37606934,17-10-2022
0.361820012,0.37026358,18-10-2022
0.350032002,0.36585817,19-10-2022
0.340254009,0.3618843,20-10-2022
0.349076986,0.3575406,21-10-2022
0.351408988,0.35343888,22-10-2022
0.362098992,0.3501547,23-10-2022
0.357856989,0.3485507,24-10-2022
0.401988,0.34838215,25-10-2022
0.403492004,0.35189867,26-10-2022
0.388696998,0.35895708,27-10-2022
0.404507011,0.36725566,28-10-2022
0.419777989,0.37609145,29-10-2022
0.406046987,0.38550398,30-10-2022
0.40633601,0.39389232,31-10-2022
0.401401997,0.4004061,01-11-2022
0.386076003,0.40447876,02-11-2022
0.389420003,0.40528524,03-11-2022
0.421525002,0.4035331,04-11-2022
0.426735014,0.40228355,05-11-2022
0.403005004,0.40291005,06-11-2022
0.404258996,0.403844,07-11-2022
0.37183401,0.4044458,08-11-2022
0.317837,0.40245596,09-11-2022
0.36897701,0.39450452,10-11-2022
0.354667008,0.38464257,11-11-2022
0.339143991,0.37454766,12-11-2022
0.330127001,0.36456218,13-11-2022
0.331849009,0.3548469,14-11-2022
0.337009013,0.3460831,15-11-2022
0.332381994,0.3391219,16-11-2022
0.324858993,0.33398375,17-11-2022
0.326220989,0.33009344,18-11-2022
0.328512013,0.32724684,19-11-2022
0.312307,0.3254319,20-11-2022
0.304547995,0.32356563,21-11-2022
0.311922014,0.32091528,22-11-2022
0.318316996,0.31799993,23-11-2022
0.316457987,0.3156456,24-11-2022
0.314989001,0.3140669,25-11-2022
0.313789994,0.31315807,26-11-2022
0.312453985,0.31269684,27-11-2022
0.306699991,0.31243986,28-11-2022
0.309372008,0.31192935,29-11-2022
0.318883002,0.31123897,30-11-2022
0.314484,0.3110415,01-12-2022
0.319406986,0.31123853,02-12-2022
0.319653988,0.31196082,03-12-2022
0.322750002,0.3131053,04-12-2022
0.319516987,0.31464043,05-12-2022
0.318464011,0.31618097,06-12-2022
0.31031999,0.31742314,07-12-2022
0.314842999,0.31777793,08-12-2022
0.311677009,0.31748167,09-12-2022
0.312606007,0.31662717,10-12-2022
0.307711005,0.31548825,11-12-2022
0.30694899,0.31402144,12-12-2022
0.312864989,0.31232697,13-12-2022
0.30813399,0.31093997,14-12-2022
0.300200999,0.30980042,15-12-2022
0.264070004,0.30842605,16-12-2022
0.266900003,0.30470195,17-12-2022
0.266335011,0.2987781,18-12-2022
0.252943993,0.2915988,19-12-2022
0.259007007,0.28351185,20-12-2022
0.25315401,0.2756522,21-12-2022
0.256523013,0.26853374,22-12-2022
0.259429008,0.26274595,23-12-2022
0.259368002,0.25868383,24-12-2022
0.259270012,0.25631595,25-12-2022
0.265296996,0.25535402,26-12-2022
0.260369986,0.2557384,27-12-2022
0.248377994,0.2568536,28-12-2022
0.244139999,0.25756526,29-12-2022
0.245556995,0.2572534,30-12-2022
0.246465996,0.2560338,31-12-2022
0.249770999,0.25430575,01-01-2023
0.253827989,0.2526278,02-01-2023
0.252795994,0.2515216,03-01-2023
0.267677009,0.2510596,04-01-2023
0.269102007,0.25193933,05-01-2023
0.278652012,0.2541656,06-01-2023
0.277105004,0.25780937,07-01-2023
0.295217991,0.26228032,08-01-2023
0.317101985,0.2678968,09-01-2023
0.322495997,0.27545878,10-01-2023
0.322748989,0.2847174,11-01-2023
0.329757988,0.29463258,12-01-2023
0.345771015,0.30445766,13-01-2023
0.352551997,0.31429893,14-01-2023
0.350367993,0.32402706,15-01-2023
0.350039989,0.33289608,16-01-2023
0.345761001,0.3402607,17-01-2023
0.326835006,0.34553358,18-01-2023
0.33909899,0.34753993,19-01-2023
0.364585996,0.3472687,20-01-2023
0.369026005,0.3472133,21-01-2023
0.376594007,0.3485188,22-01-2023
0.375503987,0.35163167,23-01-2023
0.359297007,0.3559937,24-01-2023
0.373409986,0.35979936,25-01-2023
0.380059004,0.3631426,26-01-2023
0.388978988,0.36639208,27-01-2023
0.382351011,0.37006402,28-01-2023
0.396313012,0.373599,29-01-2023
0.372510999,0.3774705,30-01-2023
0.390926003,0.38002896,31-01-2023
0.397242993,0.38198858,01-02-2023
0.39756301,0.38404128,02-02-2023
0.404336005,0.38630295,03-02-2023
0.399726003,0.3890405,04-02-2023
0.392471999,0.39175728,05-02-2023
0.382420987,0.39363593,06-02-2023
0.399210006,0.393834,07-02-2023
0.394033015,0.39352772,08-02-2023
0.362531006,0.39296308,09-02-2023
0.358635008,0.39034146,10-02-2023
0.369201988,0.38546953,11-02-2023
0.364295989,0.37981892,12-02-2023
0.359627008,0.37417126,13-02-2023
0.386440992,0.3688689,14-02-2023
0.41811499,0.3659128,15-02-2023
0.387901992,0.36760515,16-02-2023
0.403943002,0.371664,17-02-2023
0.406331003,0.37738386,18-02-2023
0.400106996,0.38389468,19-02-2023
0.404002994,0.38987818,20-02-2023
0.392417014,0.39486203,21-02-2023
0.388920993,0.39787915,22-02-2023
0.383022994,0.39867204,23-02-2023
0.365819007,0.39729655,24-02-2023
0.362363994,0.39333382,25-02-2023
0.368972987,0.3873346,26-02-2023
0.364899009,0.3807992,27-02-2023
0.352454007,0.37455392,28-02-2023
0.360356003,0.36844087,01-03-2023
0.350205988,0.36321953,02-03-2023
0.342736989,0.35865077,03-03-2023
0.336499006,0.3543113,04-03-2023
0.337101996,0.3498848,05-03-2023
0.330821007,0.34559193,06-03-2023
0.33048299,0.3413803,07-03-2023
0.317577004,0.33745092,08-03-2023
0.309677988,0.3332932,09-03-2023
0.315342009,0.32856235,10-03-2023
0.307327002,0.32389274,11-03-2023
0.331539005,0.3193338,12-03-2023
0.344585001,0.31654668,13-03-2023
0.344307989,0.31667855,14-03-2023
0.324636996,0.31943536,15-03-2023
0.325383008,0.32272512,16-03-2023
0.350524008,0.32545504,17-03-2023
0.337711006,0.32869923,18-03-2023
0.34601,0.3318141,19-03-2023
0.332594991,0.33488256,20-03-2023
0.371235996,0.3369671,21-03-2023
0.360612988,0.34014335,22-03-2023
0.37204501,0.34411743,23-03-2023
0.360083014,0.34900948,24-03-2023
0.351996005,0.35360205,25-03-2023
0.356245011,0.3567225,26-03-2023
0.345510006,0.35837266,27-03-2023
0.368353993,0.3581733,28-03-2023
0.381588995,0.35784942,29-03-2023
0.376459002,0.3589073,30-03-2023
0.39892301,0.3611722,31-03-2023
0.385387987,0.36551192,01-04-2023
0.381752998,0.37061834,02-04-2023
0.387138993,0.37525153,03-04-2023
0.389683008,0.37912238,04-04-2023
0.392363995,0.38224128,05-04-2023
0.383210003,0.38477704,06-04-2023
0.383643001,0.3862,07-04-2023
0.385634989,0.38653243,08-04-2023
0.389692992,0.38616118,09-04-2023
0.396988988,0.38567942,10-04-2023
0.401455998,0.38581398,11-04-2023
0.406563014,0.3869404,12-04-2023
0.425758988,0.38919044,13-04-2023
0.438329995,0.39340663,14-04-2023
0.453280002,0.39994636,15-04-2023
0.451754987,0.40891236,16-04-2023
0.434166998,0.4190448,17-04-2023
0.443751991,0.42774585,18-04-2023
0.415793002,0.43451887,19-04-2023
0.400730997,0.43737498,20-04-2023
0.382939011,0.43547636,21-04-2023
0.396153003,0.42876336,22-04-2023
0.388999999,0.4197743,23-04-2023
0.383915991,0.41009527,24-04-2023
0.394919008,0.4007489,25-04-2023
0.40149799,0.39327976,26-04-2023
0.409842998,0.3886357,27-04-2023
0.404931992,0.38725984,28-04-2023
0.40278399,0.38826975,29-04-2023
0.397354007,0.39054734,30-04-2023
0.386857003,0.3928873,01-05-2023
0.391772985,0.39403763,02-05-2023
0.393941998,0.39410502,03-05-2023
0.387448013,0.3935521,04-05-2023
0.394683987,0.39233604,05-05-2023
0.380118996,0.39114383,06-05-2023
0.376906008,0.38937503,07-05-2023
0.365828007,0.38686654,08-05-2023
0.363806009,0.38321605,09-05-2023
0.369937003,0.37867537,10-05-2023
0.360038996,0.37422535,11-05-2023
0.370463014,0.36986956,12-05-2023
0.365031004,0.36648947,13-05-2023
0.370761007,0.36404204,14-05-2023
0.367482007,0.36277685,15-05-2023
0.367830008,0.3623717,16-05-2023
0.375425011,0.36254108,17-05-2023
0.372078001,0.36349872,18-05-2023
0.368214995,0.36487034,19-05-2023
0.366356999,0.3660931,20-05-2023
0.360363007,0.36681038,21-05-2023
0.367996991,0.36661056,22-05-2023
0.370483994,0.3660581,23-05-2023
0.364234,0.3656418,24-05-2023
0.358415991,0.3651468,25-05-2023
0.362884015,0.36418134,26-05-2023
0.366773993,0.36305094,27-05-2023
0.382999003,0.36221993,28-05-2023
0.379137993,0.3628321,29-05-2023
0.377934009,0.3646775,30-05-2023
0.374403,0.36717206,31-05-2023
0.36472401,0.36956066,01-06-2023
0.378304005,0.37084466,02-06-2023
0.376028001,0.37170145,03-06-2023
0.377692997,0.37230322,04-06-2023
0.352014989,0.37284088,05-06-2023
0.353715003,0.37177524,06-06-2023
0.322277993,0.36911762,07-06-2023
0.323157012,0.36353785,08-06-2023
0.295401007,0.35569927,09-06-2023
0.276194006,0.34526724,10-06-2023
0.272630006,0.3322977,11-06-2023
0.275047988,0.31802702,12-06-2023
0.274985999,0.30421215,13-06-2023
0.263226002,0.29219025,14-06-2023
0.26195699,0.28206208,15-06-2023
0.263184994,0.2738991,16-06-2023
0.266927987,0.26779267,17-06-2023
0.260962993,0.26384836,18-06-2023
0.263047993,0.26150596,19-06-2023
0.270328999,0.2604144,20-06-2023
0.287,0.26062047,21-06-2023
0.290313005,0.2627664,22-06-2023
0.296481997,0.26674032,23-06-2023
0.290012002,0.27218282,24-06-2023
0.29232499,0.27793348,25-06-2023
0.280353993,0.28325638,26-06-2023
0.286520004,0.28699595,27-06-2023
0.267168999,0.28921774,28-06-2023
0.275563985,0.28911495,29-06-2023
0.286956012,0.2874049,30-06-2023
0.29234001,0.28550744,01-07-2023
0.292055011,0.28442696,02-07-2023
0.296310991,0.28438365,03-07-2023
0.292614996,0.28543475,04-07-2023
0.284471005,0.2870628,05-07-2023
0.279700011,0.28836274,06-07-2023
0.284525007,0.28871673,07-07-2023
0.290650994,0.28837752,08-07-2023
0.284590989,0.28799233,09-07-2023
0.287990987,0.28750867,10-07-2023
0.29281801,0.28713685,11-07-2023
0.28875801,0.28722793,12-07-2023
0.357657999,0.2875725,13-07-2023
0.328801006,0.29193163,14-07-2023
0.326364994,0.29897776,15-07-2023
0.314884007,0.3069054,16-07-2023
0.312489003,0.3136535,17-07-2023
0.307399005,0.3181839,18-07-2023
0.323513001,0.3201026,19-07-2023
0.316092998,0.32074663,20-07-2023
0.313291997,0.3204784,21-07-2023
0.309772015,0.3194911,22-07-2023
0.317162991,0.31787527,23-07-2023
0.305308998,0.31633422,24-07-2023
0.304017007,0.31451723,25-07-2023
0.306641012,0.3123743,26-07-2023
0.307525009,0.31024474,27-07-2023
0.310200989,0.30843335,28-07-2023
0.312765002,0.30723774,29-07-2023
0.315632999,0.3068395,30-07-2023
0.307487994,0.30730307,31-07-2023
0.309951007,0.30794588,01-08-2023
0.299389005,0.30856216,02-08-2023
0.292575985,0.30844444,03-08-2023
0.293388009,0.3071171,04-08-2023
0.293628991,0.30482793,05-08-2023
0.292082012,0.30206499,06-08-2023
0.290295988,0.2992043,07-08-2023
0.297744989,0.29647347,08-08-2023
0.30114001,0.29450333,09-08-2023
0.296130002,0.29366285,10-08-2023
0.293449998,0.29358053,11-08-2023
0.291837007,0.29377243,12-08-2023
0.289530993,0.29388514,13-08-2023
0.290610999,0.2936715,14-08-2023
0.281816989,0.29319537,15-08-2023
0.27453199,0.29208273,16-08-2023
0.255957991,0.2899939,17-08-2023
0.263891995,0.28612104,18-08-2023
0.26837799,0.28124738,19-08-2023
0.270709008,0.2764649,20-08-2023
0.263179004,0.27257323,21-08-2023
0.258365989,0.2694652,22-08-2023
0.267964989,0.26680452,23-08-2023
0.265884012,0.2650264,24-08-2023
0.261079997,0.2640957,25-08-2023
0.260953009,0.26358062,26-08-2023
0.263446003,0.2632331,27-08-2023
0.267434001,0.26308212,28-08-2023
0.272448987,0.26333067,29-08-2023
0.265653998,0.26423317,30-08-2023
0.255373001,0.26531243,31-08-2023
0.255185008,0.26569945,01-09-2023
0.256229997,0.2651839,02-09-2023
0.255793005,0.26400185,03-09-2023
0.256146014,0.2624562,04-09-2023
0.257613987,0.26085743,05-09-2023
0.257667005,0.25950634,06-09-2023
0.257719994,0.25853762,07-09-2023
0.254370004,0.25796494,08-09-2023
0.253491998,0.25754622,09-09-2023
0.249052003,0.25712094,10-09-2023
0.241872996,0.25641373,11-09-2023
0.245869994,0.25503394,12-09-2023
0.248884007,0.25328118,13-09-2023
0.251181006,0.25163785,14-09-2023
0.250642985,0.25048617,15-09-2023
0.250436008,0.24989241,16-09-2023
0.247316003,0.2497654,17-09-2023
0.251742989,0.24979477,18-09-2023
0.255259991,0.2500559,19-09-2023
0.251630008,0.2507114,20-09-2023
0.245454997,0.25150332,21-09-2023
0.244921997,0.25191084,22-09-2023
0.246133,0.25176495,23-09-2023
0.243026003,0.25121364,24-09-2023
0.245881006,0.25028157,25-09-2023
0.245395005,0.2492703,26-09-2023
0.244791001,0.24835205,27-09-2023
0.249119997,0.24758607,28-09-2023
0.249535993,0.24723132,29-09-2023
0.254047006,0.24733944,30-09-2023
0.265895009,0.24805462,01-10-2023
0.259512991,0.24989772,02-10-2023
0.261027992,0.25237113,03-10-2023
0.259315014,0.25505185,04-10-2023
0.260149002,0.2574854,05-10-2023
0.264872015,0.2594629,06-10-2023
0.258735001,0.26116654,07-10-2023
0.25662899,0.26230884,08-10-2023
0.251641989,0.26271975,09-10-2023
0.249140993,0.26221222,10-10-2023
0.248000994,0.26082188,11-10-2023
0.245921999,0.25879103,12-10-2023
0.246145993,0.2563682,13-10-2023
0.247011006,0.25388697,14-10-2023
0.247355998,0.2516744,15-10-2023
0.251563013,0.24993367,16-10-2023
0.247115001,0.24895231,17-10-2023
0.243452996,0.24848136,18-10-2023
0.246923,0.24812008,19-10-2023
0.251138002,0.24789149,20-10-2023
0.258585006,0.24802697,21-10-2023
0.263572991,0.24893543,22-10-2023
0.279953986,0.25082454,23-10-2023
0.278993011,0.25433543,24-10-2023
0.280555993,0.25910747,25-10-2023
0.287292004,0.2644986,26-10-2023
0.28946799,0.27017793,27-10-2023
0.29124999,0.2757568,28-10-2023
0.29528299,0.28088948,29-10-2023
0.302733988,0.28548345,30-10-2023
0.293107003,0.28979513,31-10-2023
0.307458997,0.29319394,01-11-2023
0.323141992,0.2962615,02-11-2023
0.329021007,0.30004194,03-11-2023
0.328541994,0.3048888,04-11-2023
0.342869997,0.3103501,05-11-2023
0.363407999,0.31660703,06-11-2023
0.351570994,0.32439545,07-11-2023
0.358350009,0.33244947,08-11-2023
0.368335009,0.3401168,09-11-2023
0.386209995,0.34739256,10-11-2023
0.384564012,0.35503122,11-11-2023
0.383383006,0.36265463,12-11-2023
0.358415008,0.3695593,13-11-2023
0.357870013,0.37365845,14-11-2023
0.379292011,0.37459856,15-11-2023
0.371766001,0.37432706,16-11-2023
0.366609007,0.37341154,17-11-2023
0.377694011,0.3719416,18-11-2023
0.384525001,0.3708508,19-11-2023
0.380681992,0.3708688,20-11-2023
0.358631015,0.37173656,21-11-2023
0.380659997,0.37171295,22-11-2023
0.386675,0.3717457,23-11-2023
0.386213005,0.37255365,24-11-2023
0.394811004,0.37412867,25-11-2023
0.388184994,0.37671095,26-11-2023
0.37835899,0.3795584,27-11-2023
0.385623991,0.38153213,28-11-2023
0.381776005,0.38277054,29-11-2023
0.375894994,0.38319778,30-11-2023
0.384202003,0.38259783,01-12-2023
0.397798002,0.3817081,02-12-2023
0.395155013,0.38177618,03-12-2023
0.406810999,0.3828425,04-12-2023
0.425657988,0.3853289,05-12-2023
0.442405999,0.39007285,06-12-2023
0.456432015,0.39759585,07-12-2023
0.545921028,0.40782845,08-12-2023
0.578599989,0.42542213,09-12-2023
0.594155014,0.45147344,10-12-2023
0.55102098,0.4836579,11-12-2023
0.576407015,0.51402164,12-12-2023
0.665243983,0.53994304,13-12-2023
0.643477976,0.56663805,14-12-2023
0.601408005,0.59185237,15-12-2023
0.607608974,0.6099388,16-12-2023
0.580313981,0.6201662,17-12-2023
0.601032972,0.6214655,18-12-2023
0.576600015,0.6175897,19-12-2023
0.589329004,0.60945123,20-12-2023
0.636599004,0.6001675,21-12-2023
0.62421602,0.5952806,22-12-2023
0.614548028,0.5946463,23-12-2023
0.59395498,0.5964027,24-12-2023
0.625720978,0.59757054,25-12-2023
0.608798981,0.5997758,26-12-2023
0.633535028,0.60169303,27-12-2023
0.617421985,0.60483295,28-12-2023
0.608493984,0.60779,29-12-2023
0.601963997,0.6092986,30-12-2023
0.594205022,0.60874844,31-12-2023
0.623109996,0.6059675,01-01-2024
0.605666995,0.60398227,02-01-2024
0.557286024,0.60225946,03-01-2024
0.570567012,0.5970223,04-01-2024
0.541242003,0.589571,05-01-2024
0.523102999,0.5792227,06-01-2024
0.494174004,0.56607217,07-01-2024
0.540935993,0.54982746,08-01-2024
0.511527002,0.53579885,09-01-2024
0.566646993,0.52391833,10-01-2024
0.58217901,0.51841986,11-01-2024
0.547333002,0.5204976,12-01-2024
0.549336016,0.52590775,13-01-2024
0.525981009,0.53215307,14-01-2024
0.528160989,0.53600657,15-01-2024
0.535676003,0.5369755,16-01-2024
0.527028978,0.5361611,17-01-2024
0.50187403,0.5338406,18-01-2024
0.503151,0.5288873,19-01-2024
0.515004992,0.5221236,20-01-2024
0.503104985,0.51560915,21-01-2024
0.478502005,0.50955534,22-01-2024
0.476749003,0.502625,23-01-2024
0.476296008,0.49499652,24-01-2024
0.466479003,0.4874073,25-01-2024
0.485294014,0.47994933,26-01-2024
0.486321002,0.474427,27-01-2024
0.489719003,0.47138456,28-01-2024
0.525274992,0.47081512,29-01-2024
0.514164984,0.47457922,30-01-2024
0.498255998,0.4811635,31-01-2024
0.507022977,0.4877541,01-02-2024
0.513957977,0.49355677,02-02-2024
0.512861013,0.49859214,03-02-2024
0.49425599,0.5026433,04-02-2024
0.493339986,0.5042969,05-02-2024
0.498463005,0.5035545,06-02-2024
0.501773,0.5014609,07-02-2024
0.52926898,0.4990928,08-02-2024
0.540791988,0.49897838,09-02-2024
0.551411986,0.50218105,10-02-2024
0.541410029,0.50872785,11-02-2024
0.560030997,0.51654685,12-02-2024
0.544996023,0.52540994,13-02-2024
0.577301979,0.5331899,14-02-2024
0.608362973,0.5413197,15-02-2024
0.598872006,0.5518883,16-02-2024
0.608345985,0.56341934,17-02-2024
0.635045528,0.5750532,18-02-2024
